{

  "EdgeCreaseData": [ 0.0, 0.0, 0.0, 0.0, 0.0, 0.0, 0.0, 0.0, 0.0, 0.0, 0.0, 0.0, 0.0, 0.0, 0.0, 0.0, 0.0, 0.0, 0.0, 0.0, 0.0, 0.0, 0.0, 0.0, 0.0 ],
  "FaceAttributes": [
    [ 0.8704210519790649, 0.4919915795326233, -0.01764657348394394, 0.5, 0.5, 0.5 ],
    [ 0.9312370419502258, 0.3624267578125, 0.03800511732697487, 0.5, 0.5, 0.5 ],
    [ 0.9837237596511841, 0.0683155208826065, 0.16619424521923065, 0.5, 0.5, 0.5 ],
    [ 0.9710035920143127, 0.21530289947986603, 0.10390666127204895, 0.5, 0.5, 0.5 ],
    [ 0.6366799473762512, 0.7661007046699524, -0.08791030943393707, 0.5, 0.5, 0.5 ],
    [ 0.6863695383071899, 0.722795307636261, -0.08039850741624832, 0.5, 0.5, 0.5 ],
    [ 0.7414317727088928, 0.6672813892364502, -0.07081310451030731, 0.5, 0.5, 0.5 ],
    [ 0.8034486174583435, 0.5930240154266357, -0.052847422659397125, 0.5, 0.5, 0.5 ]
  ],
  "Faces": [ 0, 7, 14, 22, 26, 34, 40, 46 ],
  "HalfedgeAttributes": [
    [ 0.0, 0.0, 0.0 ],
    [ 0.0, 0.0, 0.0 ],
    [ 0.0, 0.0, 0.0 ],
    [ 0.0, 0.0, 0.0 ],
    [ 0.0, 0.0, 0.0 ],
    [ 0.0, 0.0, 0.0 ],
    [ 0.0, 0.0, 0.0 ],
    [ 0.0, 0.0, 0.0 ],
    [ 0.0, 0.0, 0.0 ],
    [ 0.0, 0.0, 0.0 ],
    [ 0.0, 0.0, 0.0 ],
    [ 0.0, 0.0, 0.0 ],
    [ 0.0, 0.0, 0.0 ],
    [ 0.0, 0.0, 0.0 ],
    [ 0.0, 0.0, 0.0 ],
    [ 0.0, 0.0, 0.0 ],
    [ 0.0, 0.0, 0.0 ],
    [ 0.0, 0.0, 0.0 ],
    [ 0.0, 0.0, 0.0 ],
    [ 0.0, 0.0, 0.0 ],
    [ 0.0, 0.0, 0.0 ],
    [ 0.0, 0.0, 0.0 ],
    [ 0.0, 0.0, 0.0 ],
    [ 0.0, 0.0, 0.0 ],
    [ 0.0, 0.0, 0.0 ],
    [ 0.0, 0.0, 0.0 ],
    [ 0.0, 0.0, 0.0 ],
    [ 0.0, 0.0, 0.0 ],
    [ 0.0, 0.0, 0.0 ],
    [ 0.0, 0.0, 0.0 ],
    [ 0.0, 0.0, 0.0 ],
    [ 0.0, 0.0, 0.0 ],
    [ 0.0, 0.0, 0.0 ],
    [ 0.0, 0.0, 0.0 ],
    [ 0.0, 0.0, 0.0 ],
    [ 0.0, 0.0, 0.0 ],
    [ 0.0, 0.0, 0.0 ],
    [ 0.0, 0.0, 0.0 ],
    [ 0.0, 0.0, 0.0 ],
    [ 0.0, 0.0, 0.0 ],
    [ 0.0, 0.0, 0.0 ],
    [ 0.0, 0.0, 0.0 ],
    [ 0.0, 0.0, 0.0 ],
    [ 0.0, 0.0, 0.0 ],
    [ 0.0, 0.0, 0.0 ],
    [ 0.0, 0.0, 0.0 ],
    [ 0.0, 0.0, 0.0 ],
    [ 0.0, 0.0, 0.0 ],
    [ 0.0, 0.0, 0.0 ],
    [ 0.0, 0.0, 0.0 ]
  ],
  "Halfedges": [
    [ 6, 2, 4, 0 ],
    [ 49, 13, 14, -1 ],
    [ 0, 4, 5, 0 ],
    [ 46, 48, 4, 7 ],
    [ 2, 6, 17, 0 ],
    [ 9, 47, 5, -1 ],
    [ 4, 0, 14, 0 ],
    [ 12, 8, 17, 1 ],
    [ 7, 10, 9, 1 ],
    [ 25, 5, 17, -1 ],
    [ 8, 12, 8, 1 ],
    [ 22, 24, 9, 3 ],
    [ 10, 7, 14, 1 ],
    [ 1, 23, 8, -1 ],
    [ 20, 16, 16, 2 ],
    [ 24, 22, 15, 3 ],
    [ 14, 18, 3, 2 ],
    [ 19, 25, 16, -1 ],
    [ 16, 20, 2, 2 ],
    [ 21, 17, 3, -1 ],
    [ 18, 14, 15, 2 ],
    [ 23, 19, 2, -1 ],
    [ 15, 11, 8, 3 ],
    [ 13, 21, 15, -1 ],
    [ 11, 15, 16, 3 ],
    [ 17, 9, 9, -1 ],
    [ 32, 28, 0, 4 ],
    [ 29, 33, 1, -1 ],
    [ 26, 30, 12, 4 ],
    [ 35, 27, 0, -1 ],
    [ 28, 32, 10, 4 ],
    [ 38, 34, 12, 5 ],
    [ 30, 26, 1, 4 ],
    [ 27, 39, 10, -1 ],
    [ 31, 36, 7, 5 ],
    [ 41, 29, 12, -1 ],
    [ 34, 38, 6, 5 ],
    [ 44, 40, 7, 6 ],
    [ 36, 31, 10, 5 ],
    [ 33, 45, 6, -1 ],
    [ 37, 42, 13, 6 ],
    [ 47, 35, 7, -1 ],
    [ 40, 44, 11, 6 ],
    [ 48, 46, 13, 7 ],
    [ 42, 37, 6, 6 ],
    [ 39, 49, 11, -1 ],
    [ 43, 3, 5, 7 ],
    [ 5, 41, 13, -1 ],
    [ 3, 43, 11, 7 ],
    [ 45, 1, 4, -1 ]
  ],
  "VertexAttributes": [
    [ 0.28217613697052, -0.09714239835739136, 0.3355773687362671, 0.636680006980896, 0.7661007642745972, -0.08791031688451767, 1.0, 0.0, 0.0 ],
    [ 0.09714233875274658, 0.04738670587539673, 0.3355773687362671, 0.636680006980896, 0.7661007642745972, -0.08791031688451767, 1.0, 0.0, 0.0 ],
    [ 0.23478949069976807, 0.0, 0.0, 0.9837237596511841, 0.0683155208826065, 0.16619424521923065, 1.0, 0.0, 0.0 ],
    [ 0.23478949069976807, -0.2347896695137024, 0.0, 0.9837237596511841, 0.0683155208826065, 0.16619424521923065, 1.0, 0.0, 0.0 ],
    [ 0.14751100540161133, 0.028187036514282227, 0.16778869926929474, 0.838606595993042, 0.5435914397239685, -0.03531740605831146, 1.0, 0.0, 0.0 ],
    [ 0.2629765272140503, -0.14751094579696655, 0.16778869926929474, 0.838606595993042, 0.5435914397239685, -0.03531740605831146, 1.0, 0.0, 0.0 ],
    [ 0.11897110939025879, 0.038603901863098145, 0.2516830563545227, 0.7144550681114197, 0.6955780982971191, -0.07566452771425247, 1.0, 0.0, 0.0 ],
    [ 0.2733933925628662, -0.11897122859954834, 0.2516830563545227, 0.7144550681114197, 0.6955780982971191, -0.07566452771425247, 1.0, 0.0, 0.0 ],
    [ 0.18779480457305908, 0.014910459518432617, 0.08389435708522797, 0.9544151425361633, 0.28986549377441406, 0.07120168954133987, 1.0, 0.0, 0.0 ],
    [ 0.24969995021820068, -0.18779492378234863, 0.08389435708522797, 0.9544151425361633, 0.28986549377441406, 0.07120168954133987, 1.0, 0.0, 0.0 ],
    [ 0.10763728618621826, 0.04309737682342529, 0.2936301827430725, 0.6618889570236206, 0.7448578476905823, -0.08420073986053467, 1.0, 0.0, 0.0 ],
    [ 0.13198280334472656, 0.03370183706283569, 0.20973585546016693, 0.7733768224716187, 0.6309168338775635, -0.06190523877739906, 1.0, 0.0, 0.0 ],
    [ 0.2778869867324829, -0.10763740539550781, 0.2936301827430725, 0.6618889570236206, 0.7448578476905823, -0.08420073986053467, 1.0, 0.0, 0.0 ],
    [ 0.268491268157959, -0.1319829225540161, 0.20973585546016693, 0.7733768224716187, 0.6309168338775635, -0.06190523877739906, 1.0, 0.0, 0.0 ],
    [ 0.16639459133148193, 0.02185523509979248, 0.12584151327610016, 0.9034963846206665, 0.4284741282463074, 0.010209412313997746, 1.0, 0.0, 0.0 ],
    [ 0.21087276935577393, 0.007557392120361328, 0.04194718599319458, 0.9805121421813965, 0.14226603507995605, 0.1354854851961136, 1.0, 0.0, 0.0 ],
    [ 0.24234700202941895, -0.21087276935577393, 0.04194718599319458, 0.9805121421813965, 0.14226603507995605, 0.1354854851961136, 1.0, 0.0, 0.0 ],
    [ 0.25664472579956055, -0.16639459133148193, 0.12584151327610016, 0.9034963846206665, 0.4284741282463074, 0.010209412313997746, 1.0, 0.0, 0.0 ]
  ],
  "VertexCreaseData": [ 0.0, 0.0, 0.0, 0.0, 0.0, 0.0, 0.0, 0.0, 0.0, 0.0, 0.0, 0.0, 0.0, 0.0, 0.0, 0.0, 0.0, 0.0 ],
  "Vertices": [ 28, 26, 20, 18, 48, 3, 37, 40, 11, 24, 31, 43, 34, 46, 7, 22, 15, 8 ],
  "FabBase": [ 1, 0, 0, 0, 0, 1, 0, 0, 0, 0, 1, 0, 1.7, -1, -0.8, 1 ],
  "WorldBase": [ 1, 0, 0, 0, 0, 1, 0, 0, 0, 0, 1, 0, 0, 0, 0, 1 ]
}