{

  "EdgeCreaseData": [ 0.0, 0.0, 0.0, 0.0, 0.0, 0.0, 0.0, 0.0, 0.0, 0.0, 0.0, 0.0, 0.0, 0.0, 0.0, 0.0, 0.0, 0.0, 0.0, 0.0, 0.0, 0.0, 0.0, 0.0, 0.0 ],
  "FaceAttributes": [
    [ -0.49199169874191284, 0.8704210519790649, -0.0176449716091156, 0.5, 0.5, 0.5 ],
    [ -0.3624269962310791, 0.931236982345581, 0.0380050353705883, 0.5, 0.5, 0.5 ],
    [ -0.06831527501344681, 0.9837235808372498, 0.1661958396434784, 0.5, 0.5, 0.5 ],
    [ -0.21530291438102722, 0.9710037708282471, 0.10390575975179672, 0.5, 0.5, 0.5 ],
    [ -0.7661004066467285, 0.6366802453994751, -0.08791165798902512, 0.5, 0.5, 0.5 ],
    [ -0.7227950692176819, 0.686369776725769, -0.08039742708206177, 0.5, 0.5, 0.5 ],
    [ -0.5930243730545044, 0.8034482002258301, -0.052849847823381424, 0.5, 0.5, 0.5 ],
    [ -0.6672815084457397, 0.741431474685669, -0.07081470638513565, 0.5, 0.5, 0.5 ]
  ],
  "Faces": [ 0, 7, 14, 22, 26, 33, 40, 46 ],
  "HalfedgeAttributes": [
    [ 0.0, 0.0, 0.0 ],
    [ 0.0, 0.0, 0.0 ],
    [ 0.0, 0.0, 0.0 ],
    [ 0.0, 0.0, 0.0 ],
    [ 0.0, 0.0, 0.0 ],
    [ 0.0, 0.0, 0.0 ],
    [ 0.0, 0.0, 0.0 ],
    [ 0.0, 0.0, 0.0 ],
    [ 0.0, 0.0, 0.0 ],
    [ 0.0, 0.0, 0.0 ],
    [ 0.0, 0.0, 0.0 ],
    [ 0.0, 0.0, 0.0 ],
    [ 0.0, 0.0, 0.0 ],
    [ 0.0, 0.0, 0.0 ],
    [ 0.0, 0.0, 0.0 ],
    [ 0.0, 0.0, 0.0 ],
    [ 0.0, 0.0, 0.0 ],
    [ 0.0, 0.0, 0.0 ],
    [ 0.0, 0.0, 0.0 ],
    [ 0.0, 0.0, 0.0 ],
    [ 0.0, 0.0, 0.0 ],
    [ 0.0, 0.0, 0.0 ],
    [ 0.0, 0.0, 0.0 ],
    [ 0.0, 0.0, 0.0 ],
    [ 0.0, 0.0, 0.0 ],
    [ 0.0, 0.0, 0.0 ],
    [ 0.0, 0.0, 0.0 ],
    [ 0.0, 0.0, 0.0 ],
    [ 0.0, 0.0, 0.0 ],
    [ 0.0, 0.0, 0.0 ],
    [ 0.0, 0.0, 0.0 ],
    [ 0.0, 0.0, 0.0 ],
    [ 0.0, 0.0, 0.0 ],
    [ 0.0, 0.0, 0.0 ],
    [ 0.0, 0.0, 0.0 ],
    [ 0.0, 0.0, 0.0 ],
    [ 0.0, 0.0, 0.0 ],
    [ 0.0, 0.0, 0.0 ],
    [ 0.0, 0.0, 0.0 ],
    [ 0.0, 0.0, 0.0 ],
    [ 0.0, 0.0, 0.0 ],
    [ 0.0, 0.0, 0.0 ],
    [ 0.0, 0.0, 0.0 ],
    [ 0.0, 0.0, 0.0 ],
    [ 0.0, 0.0, 0.0 ],
    [ 0.0, 0.0, 0.0 ],
    [ 0.0, 0.0, 0.0 ],
    [ 0.0, 0.0, 0.0 ],
    [ 0.0, 0.0, 0.0 ],
    [ 0.0, 0.0, 0.0 ]
  ],
  "Halfedges": [
    [ 6, 2, 0, 0 ],
    [ 45, 13, 1, -1 ],
    [ 0, 4, 2, 0 ],
    [ 42, 44, 0, 6 ],
    [ 2, 6, 3, 0 ],
    [ 9, 43, 2, -1 ],
    [ 4, 0, 1, 0 ],
    [ 12, 8, 3, 1 ],
    [ 7, 10, 12, 1 ],
    [ 25, 5, 3, -1 ],
    [ 8, 12, 13, 1 ],
    [ 22, 24, 12, 3 ],
    [ 10, 7, 1, 1 ],
    [ 1, 23, 13, -1 ],
    [ 20, 16, 15, 2 ],
    [ 24, 22, 14, 3 ],
    [ 14, 18, 16, 2 ],
    [ 19, 25, 15, -1 ],
    [ 16, 20, 17, 2 ],
    [ 21, 17, 16, -1 ],
    [ 18, 14, 14, 2 ],
    [ 23, 19, 17, -1 ],
    [ 15, 11, 13, 3 ],
    [ 13, 21, 14, -1 ],
    [ 11, 15, 15, 3 ],
    [ 17, 9, 12, -1 ],
    [ 32, 28, 10, 4 ],
    [ 29, 39, 9, -1 ],
    [ 26, 30, 11, 4 ],
    [ 31, 27, 10, -1 ],
    [ 28, 32, 8, 4 ],
    [ 35, 29, 11, -1 ],
    [ 30, 26, 9, 4 ],
    [ 38, 34, 8, 5 ],
    [ 33, 36, 7, 5 ],
    [ 49, 31, 8, -1 ],
    [ 34, 38, 6, 5 ],
    [ 46, 48, 7, 7 ],
    [ 36, 33, 9, 5 ],
    [ 27, 47, 6, -1 ],
    [ 44, 42, 4, 6 ],
    [ 48, 46, 5, 7 ],
    [ 40, 3, 2, 6 ],
    [ 5, 49, 4, -1 ],
    [ 3, 40, 5, 6 ],
    [ 47, 1, 0, -1 ],
    [ 41, 37, 6, 7 ],
    [ 39, 45, 5, -1 ],
    [ 37, 41, 4, 7 ],
    [ 43, 35, 7, -1 ]
  ],
  "VertexAttributes": [
    [ -0.028187036514282227, -0.08727860450744629, 0.16778869926929474, -0.5435916781425476, 0.8386064171791077, -0.03531781584024429, 1.0, 0.0, 0.0 ],
    [ -0.02185535430908203, -0.06839495897293091, 0.12584151327610016, -0.4284742772579193, 0.903496265411377, 0.010210174135863781, 1.0, 0.0, 0.0 ],
    [ 0.14751100540161133, 0.028187036514282227, 0.16778869926929474, -0.5435916781425476, 0.8386064171791077, -0.03531781584024429, 1.0, 0.0, 0.0 ],
    [ 0.16639459133148193, 0.02185523509979248, 0.12584151327610016, -0.4284742772579193, 0.903496265411377, 0.010210174135863781, 1.0, 0.0, 0.0 ],
    [ 0.13198280334472656, 0.03370183706283569, 0.20973585546016693, -0.6309170722961426, 0.77337646484375, -0.06190725415945053, 1.0, 0.0, 0.0 ],
    [ -0.03370189666748047, -0.10280680656433105, 0.20973585546016693, -0.6309170722961426, 0.77337646484375, -0.06190725415945053, 1.0, 0.0, 0.0 ],
    [ -0.038604021072387695, -0.1158183217048645, 0.2516830563545227, -0.6955780982971191, 0.7144550085067749, -0.07566478103399277, 1.0, 0.0, 0.0 ],
    [ 0.11897110939025879, 0.038603901863098145, 0.2516830563545227, -0.6955780982971191, 0.7144550085067749, -0.07566478103399277, 1.0, 0.0, 0.0 ],
    [ 0.10763728618621826, 0.04309737682342529, 0.2936301827430725, -0.7448576092720032, 0.6618892550468445, -0.08420088142156601, 1.0, 0.0, 0.0 ],
    [ -0.043097496032714844, -0.12715214490890503, 0.2936301827430725, -0.7448576092720032, 0.6618892550468445, -0.08420088142156601, 1.0, 0.0, 0.0 ],
    [ -0.047386884689331055, -0.1376470923423767, 0.3355773687362671, -0.7661004066467285, 0.6366802453994751, -0.08791165798902512, 1.0, 0.0, 0.0 ],
    [ 0.09714233875274658, 0.04738670587539673, 0.3355773687362671, -0.7661004066467285, 0.6366802453994751, -0.08791165798902512, 1.0, 0.0, 0.0 ],
    [ 0.18779480457305908, 0.014910459518432617, 0.08389435708522797, -0.2898656129837036, 0.9544151425361633, 0.07120119035243988, 1.0, 0.0, 0.0 ],
    [ -0.014910459518432617, -0.04699474573135376, 0.08389435708522797, -0.2898656129837036, 0.9544151425361633, 0.07120119035243988, 1.0, 0.0, 0.0 ],
    [ -0.007557392120361328, -0.02391672134399414, 0.04194718599319458, -0.1422659009695053, 0.9805120825767517, 0.13548584282398224, 1.0, 0.0, 0.0 ],
    [ 0.21087276935577393, 0.007557392120361328, 0.04194718599319458, -0.1422659009695053, 0.9805120825767517, 0.13548584282398224, 1.0, 0.0, 0.0 ],
    [ 0.23478949069976807, 0.0, 0.0, -0.06831527501344681, 0.9837235808372498, 0.1661958396434784, 1.0, 0.0, 0.0 ],
    [ 0.0, 0.0, 0.0, -0.06831527501344681, 0.9837235808372498, 0.1661958396434784, 1.0, 0.0, 0.0 ]
  ],
  "VertexCreaseData": [ 0.0, 0.0, 0.0, 0.0, 0.0, 0.0, 0.0, 0.0, 0.0, 0.0, 0.0, 0.0, 0.0, 0.0, 0.0, 0.0, 0.0, 0.0 ],
  "Vertices": [ 44, 7, 3, 8, 41, 46, 37, 48, 34, 33, 28, 30, 24, 11, 22, 15, 18, 20 ],
  "FabBase": [ 1, 0, 0, 0, 0, 1, 0, 0, 0, 0, 1, 0, 1.7, -1, -0.8, 1 ],
  "WorldBase": [1,0,0,0, 0,1,0,0, 0,0,1,0, 0,0,0,1]
}