{

  "EdgeCreaseData": [ 0.0, 0.0, 0.0, 0.0, 0.0, 0.0, 0.0, 0.0, 0.0, 0.0, 0.0, 0.0, 0.0, 0.0, 0.0, 0.0, 0.0, 0.0, 0.0, 0.0, 0.0, 0.0, 0.0, 0.0, 0.0 ],
  "FaceAttributes": [
    [ -0.9837234616279602, -0.06831521540880203, 0.1661958396434784, 0.5, 0.5, 0.5 ],
    [ -0.9710038900375366, -0.21530260145664215, 0.10390501469373703, 0.5, 0.5, 0.5 ],
    [ -0.931236982345581, -0.3624270260334015, 0.03800497204065323, 0.5, 0.5, 0.5 ],
    [ -0.8704210519790649, -0.4919917583465576, -0.017646068707108498, 0.5, 0.5, 0.5 ],
    [ -0.8034483194351196, -0.5930242538452148, -0.05284948647022247, 0.5, 0.5, 0.5 ],
    [ -0.741431474685669, -0.6672816276550293, -0.07081329822540283, 0.5, 0.5, 0.5 ],
    [ -0.6366801857948303, -0.7661006450653076, -0.08791032433509827, 0.5, 0.5, 0.5 ],
    [ -0.6863698363304138, -0.7227949500083923, -0.08039791136980057, 0.5, 0.5, 0.5 ]
  ],
  "Faces": [ 0, 8, 14, 20, 26, 31, 38, 46 ],
  "HalfedgeAttributes": [
    [ 0.0, 0.0, 0.0 ],
    [ 0.0, 0.0, 0.0 ],
    [ 0.0, 0.0, 0.0 ],
    [ 0.0, 0.0, 0.0 ],
    [ 0.0, 0.0, 0.0 ],
    [ 0.0, 0.0, 0.0 ],
    [ 0.0, 0.0, 0.0 ],
    [ 0.0, 0.0, 0.0 ],
    [ 0.0, 0.0, 0.0 ],
    [ 0.0, 0.0, 0.0 ],
    [ 0.0, 0.0, 0.0 ],
    [ 0.0, 0.0, 0.0 ],
    [ 0.0, 0.0, 0.0 ],
    [ 0.0, 0.0, 0.0 ],
    [ 0.0, 0.0, 0.0 ],
    [ 0.0, 0.0, 0.0 ],
    [ 0.0, 0.0, 0.0 ],
    [ 0.0, 0.0, 0.0 ],
    [ 0.0, 0.0, 0.0 ],
    [ 0.0, 0.0, 0.0 ],
    [ 0.0, 0.0, 0.0 ],
    [ 0.0, 0.0, 0.0 ],
    [ 0.0, 0.0, 0.0 ],
    [ 0.0, 0.0, 0.0 ],
    [ 0.0, 0.0, 0.0 ],
    [ 0.0, 0.0, 0.0 ],
    [ 0.0, 0.0, 0.0 ],
    [ 0.0, 0.0, 0.0 ],
    [ 0.0, 0.0, 0.0 ],
    [ 0.0, 0.0, 0.0 ],
    [ 0.0, 0.0, 0.0 ],
    [ 0.0, 0.0, 0.0 ],
    [ 0.0, 0.0, 0.0 ],
    [ 0.0, 0.0, 0.0 ],
    [ 0.0, 0.0, 0.0 ],
    [ 0.0, 0.0, 0.0 ],
    [ 0.0, 0.0, 0.0 ],
    [ 0.0, 0.0, 0.0 ],
    [ 0.0, 0.0, 0.0 ],
    [ 0.0, 0.0, 0.0 ],
    [ 0.0, 0.0, 0.0 ],
    [ 0.0, 0.0, 0.0 ],
    [ 0.0, 0.0, 0.0 ],
    [ 0.0, 0.0, 0.0 ],
    [ 0.0, 0.0, 0.0 ],
    [ 0.0, 0.0, 0.0 ],
    [ 0.0, 0.0, 0.0 ],
    [ 0.0, 0.0, 0.0 ],
    [ 0.0, 0.0, 0.0 ],
    [ 0.0, 0.0, 0.0 ]
  ],
  "Halfedges": [
    [ 6, 2, 3, 0 ],
    [ 3, 7, 2, -1 ],
    [ 0, 4, 16, 0 ],
    [ 9, 1, 3, -1 ],
    [ 2, 6, 15, 0 ],
    [ 12, 8, 16, 1 ],
    [ 4, 0, 2, 0 ],
    [ 1, 13, 15, -1 ],
    [ 5, 10, 9, 1 ],
    [ 15, 3, 16, -1 ],
    [ 8, 12, 8, 1 ],
    [ 18, 14, 9, 2 ],
    [ 10, 5, 15, 1 ],
    [ 7, 19, 8, -1 ],
    [ 11, 16, 17, 2 ],
    [ 21, 9, 9, -1 ],
    [ 14, 18, 14, 2 ],
    [ 24, 20, 17, 3 ],
    [ 16, 11, 8, 2 ],
    [ 13, 25, 14, -1 ],
    [ 17, 22, 5, 3 ],
    [ 29, 15, 17, -1 ],
    [ 20, 24, 4, 3 ],
    [ 26, 28, 5, 4 ],
    [ 22, 17, 14, 3 ],
    [ 19, 27, 4, -1 ],
    [ 30, 23, 4, 4 ],
    [ 25, 37, 11, -1 ],
    [ 23, 30, 12, 4 ],
    [ 33, 21, 5, -1 ],
    [ 28, 26, 11, 4 ],
    [ 36, 32, 12, 5 ],
    [ 31, 34, 7, 5 ],
    [ 49, 29, 12, -1 ],
    [ 32, 36, 6, 5 ],
    [ 46, 48, 7, 7 ],
    [ 34, 31, 11, 5 ],
    [ 27, 47, 6, -1 ],
    [ 44, 40, 13, 6 ],
    [ 48, 46, 10, 7 ],
    [ 38, 42, 0, 6 ],
    [ 43, 49, 13, -1 ],
    [ 40, 44, 1, 6 ],
    [ 45, 41, 0, -1 ],
    [ 42, 38, 10, 6 ],
    [ 47, 43, 1, -1 ],
    [ 39, 35, 6, 7 ],
    [ 37, 45, 10, -1 ],
    [ 35, 39, 13, 7 ],
    [ 41, 33, 7, -1 ]
  ],
  "VertexAttributes": [
    [ 0.13764715194702148, -0.28217631578445435, 0.3355773687362671, -0.6366801857948303, -0.7661006450653076, -0.08791032433509827, 1.0, 0.0, 0.0 ],
    [ -0.047386884689331055, -0.1376470923423767, 0.3355773687362671, -0.6366801857948303, -0.7661006450653076, -0.08791032433509827, 1.0, 0.0, 0.0 ],
    [ 0.0, 0.0, 0.0, -0.983723521232605, -0.06831522285938263, 0.1661958545446396, 1.0, 0.0, 0.0 ],
    [ 0.0, -0.2347896695137024, 0.0, -0.983723521232605, -0.06831522285938263, 0.1661958545446396, 1.0, 0.0, 0.0 ],
    [ -0.028187036514282227, -0.08727860450744629, 0.16778869926929474, -0.8386064171791077, -0.5435916185379028, -0.03531818091869354, 1.0, 0.0, 0.0 ],
    [ 0.08727848529815674, -0.26297664642333984, 0.16778869926929474, -0.8386064171791077, -0.5435916185379028, -0.03531818091869354, 1.0, 0.0, 0.0 ],
    [ -0.038604021072387695, -0.1158183217048645, 0.2516830563545227, -0.7144550681114197, -0.6955780982971191, -0.07566431909799576, 1.0, 0.0, 0.0 ],
    [ 0.11581826210021973, -0.27339351177215576, 0.2516830563545227, -0.7144550681114197, -0.6955780982971191, -0.07566431909799576, 1.0, 0.0, 0.0 ],
    [ -0.014910459518432617, -0.04699474573135376, 0.08389435708522797, -0.9544152617454529, -0.28986549377441406, 0.07120078802108765, 1.0, 0.0, 0.0 ],
    [ 0.046994686126708984, -0.249700129032135, 0.08389435708522797, -0.9544152617454529, -0.28986549377441406, 0.07120078802108765, 1.0, 0.0, 0.0 ],
    [ -0.043097496032714844, -0.12715214490890503, 0.2936301827430725, -0.6618892550468445, -0.7448577284812927, -0.08420044928789139, 1.0, 0.0, 0.0 ],
    [ -0.03370189666748047, -0.10280680656433105, 0.20973585546016693, -0.7733765244483948, -0.6309170722961426, -0.0619063675403595, 1.0, 0.0, 0.0 ],
    [ 0.1028066873550415, -0.26849138736724854, 0.20973585546016693, -0.7733765244483948, -0.6309170722961426, -0.0619063675403595, 1.0, 0.0, 0.0 ],
    [ 0.1271519660949707, -0.27788692712783813, 0.2936301827430725, -0.6618892550468445, -0.7448577284812927, -0.08420044928789139, 1.0, 0.0, 0.0 ],
    [ -0.02185535430908203, -0.06839495897293091, 0.12584151327610016, -0.903496265411377, -0.4284743070602417, 0.010209592059254646, 1.0, 0.0, 0.0 ],
    [ -0.007557392120361328, -0.02391672134399414, 0.04194718599319458, -0.9805121421813965, -0.14226573705673218, 0.1354854702949524, 1.0, 0.0, 0.0 ],
    [ 0.02391672134399414, -0.24234706163406372, 0.04194718599319458, -0.9805121421813965, -0.14226573705673218, 0.1354854702949524, 1.0, 0.0, 0.0 ],
    [ 0.06839489936828613, -0.25664472579956055, 0.12584151327610016, -0.903496265411377, -0.4284743070602417, 0.010209592059254646, 1.0, 0.0, 0.0 ]
  ],
  "VertexCreaseData": [ 0.0, 0.0, 0.0, 0.0, 0.0, 0.0, 0.0, 0.0, 0.0, 0.0, 0.0, 0.0, 0.0, 0.0, 0.0, 0.0, 0.0, 0.0 ],
  "Vertices": [ 42, 44, 0, 2, 23, 28, 35, 48, 11, 14, 46, 31, 32, 39, 17, 5, 8, 20 ],
  "FabBase": [ 1, 0, 0, 0, 0, 1, 0, 0, 0, 0, 1, 0, 1.7, -1, -0.8, 1 ],
  "WorldBase": [ 1, 0, 0, 0, 0, 1, 0, 0, 0, 0, 1, 0, 0, 0, 0, 1 ]
}