{"EdgeCreaseData":[0.0,0.0,0.0,0.0,0.0,0.0,0.0,0.0,0.0,0.0,0.0,0.0,0.0,0.0,0.0,0.0,0.0,0.0,0.0,0.0,0.0,0.0,0.0,0.0,0.0],"FaceAttributes":[[0.06831562519073486,-0.9837231636047363,0.16619762778282166,0.5,0.5,0.5],[0.21530327200889587,-0.9710038900375366,0.1039038598537445,0.5,0.5,0.5],[0.49199178814888,-0.8704209923744202,-0.017646940425038338,0.5,0.5,0.5],[0.3624269664287567,-0.9312368631362915,0.038008835166692734,0.5,0.5,0.5],[0.5930242538452148,-0.8034481406211853,-0.05285007506608963,0.5,0.5,0.5],[0.6672815680503845,-0.7414315938949585,-0.07081267982721329,0.5,0.5,0.5],[0.7661004066467285,-0.6366801261901855,-0.08791165798902512,0.5,0.5,0.5],[0.7227948904037476,-0.6863701343536377,-0.08039688318967819,0.5,0.5,0.5]],"Faces":[0,7,14,22,26,31,38,46],"HalfedgeAttributes":[[0.0,0.0,0.0],[0.0,0.0,0.0],[0.0,0.0,0.0],[0.0,0.0,0.0],[0.0,0.0,0.0],[0.0,0.0,0.0],[0.0,0.0,0.0],[0.0,0.0,0.0],[0.0,0.0,0.0],[0.0,0.0,0.0],[0.0,0.0,0.0],[0.0,0.0,0.0],[0.0,0.0,0.0],[0.0,0.0,0.0],[0.0,0.0,0.0],[0.0,0.0,0.0],[0.0,0.0,0.0],[0.0,0.0,0.0],[0.0,0.0,0.0],[0.0,0.0,0.0],[0.0,0.0,0.0],[0.0,0.0,0.0],[0.0,0.0,0.0],[0.0,0.0,0.0],[0.0,0.0,0.0],[0.0,0.0,0.0],[0.0,0.0,0.0],[0.0,0.0,0.0],[0.0,0.0,0.0],[0.0,0.0,0.0],[0.0,0.0,0.0],[0.0,0.0,0.0],[0.0,0.0,0.0],[0.0,0.0,0.0],[0.0,0.0,0.0],[0.0,0.0,0.0],[0.0,0.0,0.0],[0.0,0.0,0.0],[0.0,0.0,0.0],[0.0,0.0,0.0],[0.0,0.0,0.0],[0.0,0.0,0.0],[0.0,0.0,0.0],[0.0,0.0,0.0],[0.0,0.0,0.0],[0.0,0.0,0.0],[0.0,0.0,0.0],[0.0,0.0,0.0],[0.0,0.0,0.0],[0.0,0.0,0.0]],"Halfedges":[[6,2,0,0],[3,13,1,-1],[0,4,2,0],[5,1,0,-1],[2,6,3,0],[9,3,2,-1],[4,0,1,0],[12,8,3,1],[7,10,4,1],[25,5,3,-1],[8,12,5,1],[22,24,4,3],[10,7,1,1],[1,23,5,-1],[20,16,7,2],[24,22,6,3],[14,18,8,2],[29,25,7,-1],[16,20,9,2],[26,28,8,4],[18,14,6,2],[23,27,9,-1],[15,11,5,3],[13,21,6,-1],[11,15,7,3],[17,9,4,-1],[30,19,9,4],[21,37,10,-1],[19,30,11,4],[33,17,8,-1],[28,26,10,4],[36,32,11,5],[31,34,12,5],[49,29,11,-1],[32,36,13,5],[46,48,12,7],[34,31,10,5],[27,47,13,-1],[44,40,15,6],[48,46,14,7],[38,42,16,6],[43,49,15,-1],[40,44,17,6],[45,41,16,-1],[42,38,14,6],[47,43,17,-1],[39,35,13,7],[37,45,14,-1],[35,39,15,7],[41,33,12,-1]],"VertexAttributes":[[0.0,-0.2347896695137024,0.0,0.06831563264131546,-0.9837232232093811,0.16619764268398285,1.0,0.0,0.0],[0.02391672134399414,-0.24234706163406372,0.04194718599319458,0.14226627349853516,-0.9805120229721069,0.13548579812049866,1.0,0.0,0.0],[0.23478949069976807,-0.2347896695137024,0.0,0.06831563264131546,-0.9837232232093811,0.16619764268398285,1.0,0.0,0.0],[0.24234700202941895,-0.21087276935577393,0.04194718599319458,0.14226627349853516,-0.9805120229721069,0.13548579812049866,1.0,0.0,0.0],[0.24969995021820068,-0.18779492378234863,0.08389435708522797,0.28986576199531555,-0.9544150829315186,0.07120214402675629,1.0,0.0,0.0],[0.046994686126708984,-0.249700129032135,0.08389435708522797,0.28986576199531555,-0.9544150829315186,0.07120214402675629,1.0,0.0,0.0],[0.06839489936828613,-0.25664472579956055,0.12584151327610016,0.4284743368625641,-0.903496265411377,0.010211092419922352,1.0,0.0,0.0],[0.25664472579956055,-0.16639459133148193,0.12584151327610016,0.4284743368625641,-0.903496265411377,0.010211092419922352,1.0,0.0,0.0],[0.2629765272140503,-0.14751094579696655,0.16778869926929474,0.5435916781425476,-0.8386063575744629,-0.03531891480088234,1.0,0.0,0.0],[0.08727848529815674,-0.26297664642333984,0.16778869926929474,0.5435916781425476,-0.8386063575744629,-0.03531891480088234,1.0,0.0,0.0],[0.1028066873550415,-0.26849138736724854,0.20973585546016693,0.6309170722961426,-0.7733765244483948,-0.0619063563644886,1.0,0.0,0.0],[0.268491268157959,-0.1319829225540161,0.20973585546016693,0.6309170722961426,-0.7733765244483948,-0.0619063563644886,1.0,0.0,0.0],[0.2733933925628662,-0.11897122859954834,0.2516830563545227,0.6955779790878296,-0.714455246925354,-0.0756634995341301,1.0,0.0,0.0],[0.11581826210021973,-0.27339351177215576,0.2516830563545227,0.6955779790878296,-0.714455246925354,-0.0756634995341301,1.0,0.0,0.0],[0.1271519660949707,-0.27788692712783813,0.2936301827430725,0.7448575496673584,-0.661889374256134,-0.08420060575008392,1.0,0.0,0.0],[0.2778869867324829,-0.10763740539550781,0.2936301827430725,0.7448575496673584,-0.661889374256134,-0.08420060575008392,1.0,0.0,0.0],[0.28217613697052,-0.09714239835739136,0.3355773687362671,0.7661004662513733,-0.6366801857948303,-0.08791166543960571,1.0,0.0,0.0],[0.13764715194702148,-0.28217631578445435,0.3355773687362671,0.7661004662513733,-0.6366801857948303,-0.08791166543960571,1.0,0.0,0.0]],"VertexCreaseData":[0.0,0.0,0.0,0.0,0.0,0.0,0.0,0.0,0.0,0.0,0.0,0.0,0.0,0.0,0.0,0.0,0.0,0.0],"Vertices":[2,7,4,8,24,11,22,15,28,19,31,32,48,35,46,39,42,44]}